Workbook

Sheet Summary of Takeoff
A1: Name of Work:-
A2: Proposed Construction of Sunil Mahant Residence
A3: Name of Sub Work:-
A4: Residential Building
A5: SUMMARY OF QUANTITIES
A6: Sr No. | B6: Category of Civil/Finishing Work | C6: Quantity Takeoff | D6: Unit
A7: 1.0 | B7: Excavation Works | C7: ='Takeoff Measurements'!H10 | D7: Cu.M.
A8: 2.0 | B8: Plain Cement Concrete (PCC) | C8: ='Takeoff Measurements'!H16 | D8: Cu.M.
A9: 3.0 | B9: Reinforced Cement Concrete (RCC) | C9: ='Takeoff Measurements'!H40 | D9: Cu.M.
A10: 4.0 | B10: Brickwork & Partition Masonry | C10: ='Takeoff Measurements'!H85 | D10: Cu.M.
A11: 5.0 | B11: Plastering Works | C11: ='Takeoff Measurements'!H177 | D11: Sqm
A12: 6.0 | B12: Flooring & Finishes | C12: ='Takeoff Measurements'!H250 | D12: Sqm

Sheet Takeoff Measurements
A1: Name of Work:-
A2: Proposed Construction of Sunil Mahant Residence
A3: Name of Sub Work:-
A4: Residential Building
A5: DETAILED TAKE-OFF MEASUREMENTS
A6: 1.0 | B6: Excavation Works | C6: Detailed Quantity Takeoff for Excavation Works | I6: Cubic Metre
B8: Description of Measurement | D8: No. | E8: Length | F8: Width | G8: Height | H8: Quantity | I8: Unit
B9: Footing base excavation: F1 | D9: 9 | E9: 1.2 | F9: 1.2 | G9: 1.5 | H9: =D9*E9*F9*G9 | I9: Cu.M.
B10: Net Quantity | H10: =ROUND(SUM(H9:H9), 2) | I10: Cu.M.
A12: 2.0 | B12: Plain Cement Concrete (PCC) | C12: Detailed Quantity Takeoff for Plain Cement Concrete (PCC) | I12: Cubic Metre
B14: Description of Measurement | D14: No. | E14: Length | F14: Width | G14: Height | H14: Quantity | I14: Unit
B15: PCC under footing: F1 | D15: 9 | E15: 1.2 | F15: 1.2 | G15: 0.1 | H15: =D15*E15*F15*G15 | I15: Cu.M.
B16: Net Quantity | H16: =ROUND(SUM(H15:H15), 2) | I16: Cu.M.
A18: 3.0 | B18: Reinforced Cement Concrete (RCC) | C18: Detailed Quantity Takeoff for Reinforced Cement Concrete (RCC) | I18: Cubic Metre
B20: Description of Measurement | D20: No. | E20: Length | F20: Width | G20: Height | H20: Quantity | I20: Unit
B21: RCC Footing: F1 | D21: 9 | E21: 1.2 | F21: 1.2 | G21: 0.4 | H21: =D21*E21*F21*G21 | I21: Cu.M.
B22: Columns RCC C1 (Rectangle) | D22: 9 | E22: 0.23 | F22: 0.23 | G22: 10.5 | H22: =D22*E22*F22*G22 | I22: Cu.M.
B23: Beams RCC: B1 | D23: 9 | E23: 4.5 | F23: 0.23 | G23: 0.45 | H23: =D23*E23*F23*G23 | I23: Cu.M.
B24: Ground Floor - Slabs RCC | D24: 1 | E24: 20.96785 | F24: 1 | G24: 0.12 | H24: =D24*E24*F24*G24 | I24: Cu.M.
B25: Ground Floor - Staircase Waist Slab RCC | D25: 1 | E25: 5.25 | F25: 1 | G25: 0.12 | H25: =D25*E25*F25*G25 | I25: Cu.M.
B26: Ground Floor - Staircase Steps Concrete | D26: 9 | E26: 0.25 | F26: 1 | G26: 0.15 | H26: =D26*E26*F26*G26 | I26: Cu.M.
B27: Ground Floor - Staircase Midlanding RCC | D27: 1 | E27: 2.1 | F27: 1.05 | G27: 0.12 | H27: =D27*E27*F27*G27 | I27: Cu.M.
B28: First Floor - Slabs RCC | D28: 1 | E28: 69.571625 | F28: 1 | G28: 0.12 | H28: =D28*E28*F28*G28 | I28: Cu.M.
B29: First Floor - Staircase Waist Slab RCC | D29: 1 | E29: 5.25 | F29: 1 | G29: 0.12 | H29: =D29*E29*F29*G29 | I29: Cu.M.
B30: First Floor - Staircase Steps Concrete | D30: 9 | E30: 0.25 | F30: 1 | G30: 0.15 | H30: =D30*E30*F30*G30 | I30: Cu.M.
B31: First Floor - Staircase Midlanding RCC | D31: 1 | E31: 2.1 | F31: 1.05 | G31: 0.12 | H31: =D31*E31*F31*G31 | I31: Cu.M.
B32: Second Floor - Slabs RCC | D32: 1 | E32: 67.6283 | F32: 1 | G32: 0.12 | H32: =D32*E32*F32*G32 | I32: Cu.M.
... B39: Terrace Floor - Staircase Midlanding RCC | D39: 1 | E39: 2.1 | F39: 1.05 | G39: 0.12 | H39: =D39*E39*F39*G39 | I39: Cu.M.
B40: Net Quantity | H40: =ROUND(SUM(H21:H39), 2) | I40: Cu.M.
A42: 4.0 | B42: Brickwork & Partition Masonry | C42: Detailed Quantity Takeoff for Brickwork & Partition Masonry | I42: Cubic Metre
B44: Description of Measurement | D44: No. | E44: Length | F44: Width | G44: Height | H44: Quantity | I44: Unit
B45: Ground Floor - Outer walls brickwork | D45: 1 | E45: 18.47 | F45: 0.23 | G45: 2.88 | H45: =D45*E45*F45*G45 | I45: Cu.M.
B46: Ground Floor - Inner partition brickwork | D46: 1 | E46: 6.21 | F46: 0.115 | G46: 2.88 | H46: =D46*E46*F46*G46 | I46: Cu.M.
B47: Deduction - Ground Floor - Office Door | D47: -1 | E47: 0.9 | F47: 0.23 | G47: 2.1 | H47: =D47*E47*F47*G47 | I47: Cu.M.
B48: Deduction - Ground Floor - Office Window | D48: -1 | E48: 1.5 | F48: 0.23 | G48: 1.5 | H48: =D48*E48*F48*G48 | I48: Cu.M.
B49: Deduction - Ground Floor - Toilet Door | D49: -1 | E49: 0.75 | F49: 0.115 | G49: 2.1 | H49: =D49*E49*F49*G49 | I49: Cu.M.
B50: Deduction - Ground Floor - Toilet Window | D50: -1 | E50: 0.6 | F50: 0.115 | G50: 0.6 | H50: =D50*E50*F50*G50 | I50: Cu.M.
B51: Deduction - Ground Floor - Store Door | D51: -1 | E51: 0.9 | F51: 0.23 | G51: 2.1 | H51: =D51*E51*F51*G51 | I51: Cu.M.
B52: First Floor - Outer walls brickwork | D52: 1 | E52: 33.65 | F52: 0.23 | G52: 2.88 | H52: =D52*E52*F52*G52 | I52: Cu.M.
B53: First Floor - Inner partition brickwork | D53: 1 | E53: 22.9 | F53: 0.115 | G53: 2.88 | H53: =D53*E53*F53*G53 | I53: Cu.M.
B54: Deduction - First Floor - Bedroom Door | D54: -1 | E54: 0.9 | F54: 0.23 | G54: 2.1 | H54: =D54*E54*F54*G54 | I54: Cu.M.
B55: Deduction - First Floor - Bedroom Window | D55: -1 | E55: 1.5 | F55: 0.23 | G55: 1.5 | H55: =D55*E55*F55*G55 | I55: Cu.M.
B56: Deduction - First Floor - Kitchen Door | D56: -1 | E56: 0.9 | F56: 0.23 | G56: 2.1 | H56: =D56*E56*F56*G56 | I56: Cu.M.
... B84: Deduction - Terrace Floor - Terrace Door | D84: -1 | E84: 0.9 | F84: 0.115 | G84: 2.1 | H84: =D84*E84*F84*G84 | I84: Cu.M.
B85: Net Quantity | H85: =ROUND(SUM(H45:H84), 2) | I85: Cu.M.
A87: 5.0 | B87: Plastering Works | C87: Detailed Quantity Takeoff for Plastering Works | I87: Square Metre
B89: Description of Measurement | D89: No. | E89: Length | F89: Width | G89: Height | H89: Quantity | I89: Unit
B90: Ground Floor - Office Wall Plaster | D90: 1 | E90: 16.51 | G90: 3.6 | H90: =D90*E90*G90 | I90: Sqm
B91: Deduction - Ground Floor - Office Door Plaster | D91: -1 | E91: 0.9 | G91: 2.1 | H91: =D91*E91*G91 | I91: Sqm
B92: Deduction - Ground Floor - Office Window Plaster | D92: -1 | E92: 1.5 | G92: 1.5 | H92: =D92*E92*G92 | I92: Sqm
B93: Ground Floor - Office Window Jam plaster | D93: 1 | E93: 6 | F93: 0.15 | H93: =D93*E93*F93 | I93: Sqm
B94: Ground Floor - Office Ceiling Plaster | D94: 1 | E94: 2.815 | F94: 5.44 | H94: =D94*E94*F94 | I94: Sqm
B95: Ground Floor - Toilet Wall Plaster | D95: 1 | E95: 6.9 | G95: 3.6 | H95: =D95*E95*G95 | I95: Sqm
B96: Deduction - Ground Floor - Toilet Door Plaster | D96: -1 | E96: 0.75 | G96: 2.1 | H96: =D96*E96*G96 | I96: Sqm
B97: Deduction - Ground Floor - Toilet Window Plaster | D97: -1 | E97: 0.6 | G97: 0.6 | H97: =D97*E97*G97 | I97: Sqm
B98: Ground Floor - Toilet Window Jam plaster | D98: 1 | E98: 2.4 | F98: 0.15 | H98: =D98*E98*F98 | I98: Sqm
B99: Ground Floor - Toilet Ceiling Plaster | D99: 1 | E99: 2.1 | F99: 1.35 | H99: =D99*E99*F99 | I99: Sqm
B100: Ground Floor - Store Wall Plaster | D100: 1 | E100: 7.47 | G100: 3.6 | H100: =D100*E100*G100 | I100: Sqm
B101: Deduction - Ground Floor - Store Door Plaster | D101: -1 | E101: 0.9 | G101: 2.1 | H101: =D101*E101*G101 | I101: Sqm
B102: Ground Floor - Store Ceiling Plaster | D102: 1 | E102: 1.05 | F102: 2.685 | H102: =D102*E102*F102 | I102: Sqm
B103: Ground Floor - External plaster | D103: 1 | E103: 18.47 | G103: 3 | H103: =D103*E103*G103 | I103: Sqm
B104: First Floor - Bedroom Wall Plaster | D104: 1 | E104: 15.51 | G104: 3 | H104: =D104*E104*G104 | I104: Sqm
B105: Deduction - First Floor - Bedroom Door Plaster | D105: -1 | E105: 0.9 | G105: 2.1 | H105: =D105*E105*G105 | I105: Sqm
B106: Deduction - First Floor - Bedroom Window Plaster | D106: -1 | E106: 1.5 | G106: 1.5 | H106: =D106*E106*G106 | I106: Sqm
B107: First Floor - Bedroom Window Jam plaster | D107: 1 | E107: 6 | F107: 0.15 | H107: =D107*E107*F107 | I107: Sqm
B108: First Floor - Bedroom Ceiling Plaster | D108: 1 | E108: 3.08 | F108: 4.675 | H108: =D108*E108*F108 | I108: Sqm
B109: First Floor - Kitchen Wall Plaster | D109: 1 | E109: 14.6 | G109: 3 | H109: =D109*E109*G109 | I109: Sqm
B110: Deduction - First Floor - Kitchen Door Plaster | D110: -1 | E110: 0.9 | G110: 2.1 | H110: =D110*E110*G110 | I110: Sqm
B111: Deduction - First Floor - Kitchen Window Plaster | D111: -1 | E111: 1.2 | G111: 1.5 | H111: =D111*E111*G111 | I111: Sqm
B112: First Floor - Kitchen Window Jam plaster | D112: 1 | E112: 5.4 | F112: 0.15 | H112: =D112*E112*F112 | I112: Sqm
B113: First Floor - Kitchen Ceiling Plaster | D113: 1 | E113: 3.65 | F113: 3.65 | H113: =D113*E113*F113 | I113: Sqm
B114: First Floor - Toilet Wall Plaster | D114: 1 | E114: 7.8 | G114: 3 | H114: =D114*E114*G114 | I114: Sqm
B115: Deduction - First Floor - Toilet Door Plaster | D115: -1 | E115: 0.75 | G115: 2.1 | H115: =D115*E115*G115 | I115: Sqm
B116: Deduction - First Floor - Toilet Window Plaster | D116: -1 | E116: 0.6 | G116: 0.6 | H116: =D116*E116*G116 | I116: Sqm
B117: First Floor - Toilet Window Jam plaster | D117: 1 | E117: 2.4 | F117: 0.15 | H117: =D117*E117*F117 | I117: Sqm
B118: First Floor - Toilet Ceiling Plaster | D118: 1 | E118: 1.7 | F118: 2.2 | H118: =D118*E118*F118 | I118: Sqm
B119: First Floor - Drawing Cum Dining Wall Plaster | D119: 1 | E119: 22.18 | G119: 3 | H119: =D119*E119*G119 | I119: Sqm
B120: Deduction - First Floor - Drawing Cum Dining Door Plaster | D120: -1 | E120: 1.2 | G120: 2.1 | H120: =D120*E120*G120 | I120: Sqm
B121: Deduction - First Floor - Drawing Cum Dining Window Plaster | D121: -1 | E121: 1.5 | G121: 1.5 | H121: =D121*E121*G121 | I121: Sqm
B122: First Floor - Drawing Cum Dining Window Jam plaster | D122: 1 | E122: 6 | F122: 0.15 | H122: =D122*E122*F122 | I122: Sqm
B123: First Floor - Drawing Cum Dining Ceiling Plaster | D123: 1 | E123: 3.915 | F123: 7.175 | H123: =D123*E123*F123 | I123: Sqm
B124: First Floor - Wash Balcony Wall Plaster | D124: 1 | E124: 10.3 | G124: 3 | H124: =D124*E124*G124 | I124: Sqm
B125: Deduction - First Floor - Wash Balcony Door Plaster | D125: -1 | E125: 0.9 | G125: 2.1 | H125: =D125*E125*G125 | I125: Sqm
B126: First Floor - Wash Balcony Ceiling Plaster | D126: 1 | E126: 3.65 | F126: 1.5 | H126: =D126*E126*F126 | I126: Sqm
B127: First Floor - Front Balcony Wall Plaster | D127: 1 | E127: 9.06 | G127: 3 | H127: =D127*E127*G127 | I127: Sqm
B128: Deduction - First Floor - Front Balcony Door Plaster | D128: -1 | E128: 0.9 | G128: 2.1 | H128: =D128*E128*G128 | I128: Sqm
B129: First Floor - Front Balcony Ceiling Plaster | D129: 1 | E129: 3.03 | F129: 1.5 | H129: =D129*E129*F129 | I129: Sqm
B130: First Floor - External plaster | D130: 1 | E130: 33.65 | G130: 3 | H130: =D130*E130*G130 | I130: Sqm
B131: Second Floor - Bedroom Wall Plaster | D131: 1 | E131: 14.68 | G131: 3 | H131: =D131*E131*G131 | I131: Sqm
B132: Deduction - Second Floor - Bedroom Door Plaster | D132: -1 | E132: 0.9 | G132: 2.1 | H132: =D132*E132*G132 | I132: Sqm
B133: Deduction - Second Floor - Bedroom Window Plaster | D133: -1 | E133: 1.5 | G133: 1.5 | H133: =D133*E133*G133 | I133: Sqm
B134: Second Floor - Bedroom Window Jam plaster | D134: 1 | E134: 6 | F134: 0.15 | H134: =D134*E134*F134 | I134: Sqm
B135: Second Floor - Bedroom Ceiling Plaster | D135: 1 | E135: 3.565 | F135: 3.775 | H135: =D135*E135*F135 | I135: Sqm
B136: Second Floor - Dressing Wall Plaster | D136: 1 | E136: 10.65 | G136: 3 | H136: =D136*E136*G136 | I136: Sqm
B137: Deduction - Second Floor - Dressing Door Plaster | D137: -1 | E137: 0.9 | G137: 2.1 | H137: =D137*E137*G137 | I137: Sqm
B138: Second Floor - Dressing Ceiling Plaster | D138: 1 | E138: 3.165 | F138: 2.16 | H138: =D138*E138*F138 | I138: Sqm
B139: Second Floor - Toilet Wall Plaster | D139: 1 | E139: 9.33 | G139: 3 | H139: =D139*E139*G139 | I139: Sqm
B140: Deduction - Second Floor - Toilet Door Plaster | D140: -1 | E140: 0.75 | G140: 2.1 | H140: =D140*E140*G140 | I140: Sqm
B141: Deduction - Second Floor - Toilet Window Plaster | D141: -1 | E141: 0.6 | G141: 0.6 | H141: =D141*E141*G141 | I141: Sqm
B142: Second Floor - Toilet Window Jam plaster | D142: 1 | E142: 2.4 | F142: 0.15 | H142: =D142*E142*F142 | I142: Sqm
...
